SequenceId,GermlineDist,TargetDist
S1,11.80555556,97.82608696
S2,12.5,97.82608696
S3,13.19444444,97.82608696
S4,10.48951049,100
S5,12.5,98.55072464
S6,11.80555556,98.55072464
S7,11.80555556,99.27536232
S8,11.18881119,97.10144928
S9,10.48951049,97.82608696
S10,13.19444444,97.10144928
S11,12.5,97.10144928
S12,5.02846,92.24367
S13,10.41666667,98.55072464
S14,10.48951049,100
S15,11.11111111,97.82608696
S16,14.96598639,97.82608696
S17,14.28571429,98.55072464
S18,9.027777778,96.37681159
